{
  "en": {
    "welcome": "Welcome to GenAniBot, {name}!\nUse /latest, /addwatch, /watchlist, /search and more.",
    "help": "Commands:\n/start - Start\n/latest - Latest animes\n/addwatch <name> - Add to watchlist\n/removewatch <name> - Remove from watchlist\n/watchlist - Show your watchlist\n/search <name> - Search anime info\n/feedback <msg> - Send feedback\n/language - Change language",
    "addwatch_usage": "Please provide anime name. Example: /addwatch Naruto",
    "removewatch_usage": "Please provide anime name. Example: /removewatch Naruto",
    "anime_not_found": "Sorry, anime not found.",
    "added_watch": "Added '{title}' to your watchlist! Current rating: {score}/100",
    "already_in_watchlist": "This anime is already in your watchlist.",
    "removed_watch": "Removed '{title}' from your watchlist.",
    "watchlist_empty": "Your watchlist is empty.",
    "watchlist_list": "Your watchlist:",
    "search_usage": "Please provide anime name to search. Example: /search Naruto",
    "feedback_usage": "Please send your feedback. Example: /feedback The bot is great!",
    "feedback_thanks": "Thank you for your feedback!",
    "choose_language": "Please choose your language:",
    "language_changed": "Language changed to {lang}."
  },
  "uz": {
    "welcome": "Salom, {name}! GenAniBot ga xush kelibsiz!\n/ latest, /addwatch, /watchlist, /search va boshqalarni ishlating.",
    "help": "Buyruqlar:\n/start - Boshlash\n/latest - Yangi animelar\n/addwatch <nom> - Watchlistga qo‘shish\n/removewatch <nom> - Watchlistdan o‘chirish\n/watchlist - Watchlistni ko‘rsatish\n/search <nom> - Anime ma’lumotlari\n/feedback <xabar> - Fikr yuborish\n/language - Tilni o‘zgartirish",
    "addwatch_usage": "Iltimos, anime nomini kiriting. Misol: /addwatch Naruto",
    "removewatch_usage": "Iltimos, anime nomini yozing. Misol: /removewatch Naruto",
    "anime_not_found": "Kechirasiz, anime topilmadi.",
    "added_watch": "Watchlistga '{title}' qo‘shildi! Hozirgi reyting: {score}/100",
    "already_in_watchlist": "Bu anime allaqachon watchlistda mavjud.",
    "removed_watch": "Watchlistdan '{title}' o‘chirildi.",
    "watchlist_empty": "Sizning watchlistingiz bo‘sh.",
    "watchlist_list": "Sizning watchlistingiz:",
    "search_usage": "Iltimos, anime nomini kiriting. Misol: /search Naruto",
    "feedback_usage": "Iltimos, fikringizni yozing. Misol: /feedback Bot zo‘r!",
    "feedback_thanks": "Fikringiz uchun rahmat!",
    "choose_language": "Iltimos, tilni tanlang:",
    "language_changed": "Til o‘zgartirildi: {lang}."
  }
}
